97034088;Generate Yearly Report for Vendor;WI4;Open;2022-01-25
97034095;Generate Yearly Report for Vendor;WI4;Open;2023-09-05
97034105;Generate Yearly Report for Vendor;WI4;Open;2022-06-20
97034092;Generate Yearly Report for Vendor;WI4;Open;2019-07-03
97034090;Generate Yearly Report for Vendor;WI4;Open;2022-10-05
97034100;Generate Yearly Report for Vendor;WI4;Open;2022-04-03
97034093;Generate Yearly Report for Vendor;WI4;Open;2020-09-10
97034099;Generate Yearly Report for Vendor;WI4;Open;2018-12-01
97034102;Generate Yearly Report for Vendor;WI4;Open;2021-11-08
97034097;Generate Yearly Report for Vendor;WI4;Open;2020-08-06
97034098;Generate Yearly Report for Vendor;WI4;Open;2017-08-23
97034104;Generate Yearly Report for Vendor;WI4;Open;2020-10-21
97034089;Generate Yearly Report for Vendor;WI4;Open;2018-02-11
97034103;Generate Yearly Report for Vendor;WI4;Open;2021-11-11
97034091;Generate Yearly Report for Vendor;WI4;Open;2017-02-10
97034101;Generate Yearly Report for Vendor;WI4;Open;2018-04-06
97034094;Generate Yearly Report for Vendor;WI4;Open;2021-02-10
97034096;Generate Yearly Report for Vendor;WI4;Open;2022-08-02
97034088;Generate Yearly Report for Vendor;WI4;Open;2022-01-25
97034095;Generate Yearly Report for Vendor;WI4;Open;2023-09-05
97034105;Generate Yearly Report for Vendor;WI4;Open;2022-06-20
97034092;Generate Yearly Report for Vendor;WI4;Open;2019-07-03
97034090;Generate Yearly Report for Vendor;WI4;Open;2022-10-05
97034100;Generate Yearly Report for Vendor;WI4;Open;2022-04-03
97034093;Generate Yearly Report for Vendor;WI4;Open;2020-09-10
97034099;Generate Yearly Report for Vendor;WI4;Open;2018-12-01
97034102;Generate Yearly Report for Vendor;WI4;Open;2021-11-08
97034097;Generate Yearly Report for Vendor;WI4;Open;2020-08-06
97034098;Generate Yearly Report for Vendor;WI4;Open;2017-08-23
97034104;Generate Yearly Report for Vendor;WI4;Open;2020-10-21
97034089;Generate Yearly Report for Vendor;WI4;Open;2018-02-11
97034103;Generate Yearly Report for Vendor;WI4;Open;2021-11-11
97034091;Generate Yearly Report for Vendor;WI4;Open;2017-02-10
97034101;Generate Yearly Report for Vendor;WI4;Open;2018-04-06
97034094;Generate Yearly Report for Vendor;WI4;Open;2021-02-10
97034096;Generate Yearly Report for Vendor;WI4;Open;2022-08-02
